createdAt,closedAt,title,url
2018-2/19,2018-2/19,[CLOSED] Qt4 compatibility,https://github.com/NatronGitHub/Natron/issues/1
2018-2/19,2018-2/19,[CLOSED] MacOSX compilation,https://github.com/NatronGitHub/Natron/issues/2
2018-2/19,2018-2/19,[CLOSED] More nodes?,https://github.com/NatronGitHub/Natron/issues/3
2018-2/19,2018-2/19,[CLOSED] OFX: derive and integrate are not implemented,https://github.com/NatronGitHub/Natron/issues/4
2018-2/19,2018-2/19,[CLOSED] OFX: keyframe API is missing some unimplemented functions,https://github.com/NatronGitHub/Natron/issues/5
2018-2/19,nan,OFX: Parameter interacts are not supported,https://github.com/NatronGitHub/Natron/issues/6
2018-2/19,nan,OFX: missing Fields and field rendering support,https://github.com/NatronGitHub/Natron/issues/7
2018-2/19,2018-2/19,[CLOSED] OFX: missing full framerate support,https://github.com/NatronGitHub/Natron/issues/8
2018-2/19,2018-2/19,[CLOSED] GUI: zoomable and accurate histogram,https://github.com/NatronGitHub/Natron/issues/9
2018-2/19,2018-2/19,[CLOSED] GUI: viewer ROI,https://github.com/NatronGitHub/Natron/issues/10
2018-2/19,2018-2/19,[CLOSED] GUI: auto-contrast,https://github.com/NatronGitHub/Natron/issues/11
2018-2/19,2018-2/19,[CLOSED] OFX: support more image components,https://github.com/NatronGitHub/Natron/issues/12
2018-2/19,2018-2/19,[CLOSED] Add a Bitdeli Badge to README,https://github.com/NatronGitHub/Natron/issues/13
2018-2/19,2018-2/19,[CLOSED] fix compation instructions,https://github.com/NatronGitHub/Natron/issues/14
2018-2/19,2018-2/19,[CLOSED] OFX Host selection,https://github.com/NatronGitHub/Natron/issues/15
2018-2/19,2018-2/19,[CLOSED] Reading and extracting PSD layers,https://github.com/NatronGitHub/Natron/issues/16
2018-2/19,2018-2/19,[CLOSED] Gimp XCF file format,https://github.com/NatronGitHub/Natron/issues/17
2018-2/19,2018-2/19,[CLOSED] Shuffle and Merge Node feature request,https://github.com/NatronGitHub/Natron/issues/18
2018-2/19,2018-2/19,[CLOSED] Backdrop Node word wrap,https://github.com/NatronGitHub/Natron/issues/19
2018-2/19,2018-2/19,[CLOSED] OpenEXR multi layers,https://github.com/NatronGitHub/Natron/issues/20
2018-2/19,2018-2/19,[CLOSED] Natron interface : Bug : Node preview is getting wrong,https://github.com/NatronGitHub/Natron/issues/21
2018-2/19,2018-2/19,[CLOSED] Natron : Bug About DropDownList of Input and Output Colorspace,https://github.com/NatronGitHub/Natron/issues/22
2018-2/19,2018-2/19,[CLOSED] Full Edit & Node Menus with right click in graph editor,https://github.com/NatronGitHub/Natron/issues/23
2018-2/19,2018-2/19,[CLOSED] Crashing while adjust a transform scale parameter,https://github.com/NatronGitHub/Natron/issues/24
2018-2/19,2018-2/19,[CLOSED] Merge Node sometimes not merging,https://github.com/NatronGitHub/Natron/issues/25
2018-2/19,2018-2/19,[CLOSED] Natron Read Node : Bug about Drives access,https://github.com/NatronGitHub/Natron/issues/26
2018-2/19,2018-2/19,[CLOSED] Natron Renderer Crashed,https://github.com/NatronGitHub/Natron/issues/27
2018-2/19,2018-2/19,[CLOSED] Natron quit unexpectedly,https://github.com/NatronGitHub/Natron/issues/28
2018-2/19,2018-2/19,[CLOSED] Roto Nudging - feature request,https://github.com/NatronGitHub/Natron/issues/29
2018-2/19,2018-2/19,[CLOSED] Node Colors - feature request,https://github.com/NatronGitHub/Natron/issues/30
2018-2/19,2018-2/19,[CLOSED] Roto Node curves colors,https://github.com/NatronGitHub/Natron/issues/31
2018-2/19,nan,"Live read node (AJA, Matrox and Black Magic Design)",https://github.com/NatronGitHub/Natron/issues/32
2018-2/19,2018-2/19,[CLOSED] Constant Node serving two purposes,https://github.com/NatronGitHub/Natron/issues/33
2018-2/19,2018-2/19,[CLOSED] Live viewer refresh during transformation,https://github.com/NatronGitHub/Natron/issues/34
2018-2/19,2018-2/19,[CLOSED] Roto paint,https://github.com/NatronGitHub/Natron/issues/35
2018-2/19,2018-2/19,[CLOSED] Render crash open exr,https://github.com/NatronGitHub/Natron/issues/36
2018-2/19,2018-2/19,[CLOSED] Drag and Select Multiple Nodes at a time,https://github.com/NatronGitHub/Natron/issues/37
2018-2/19,2018-2/19,[CLOSED] Cache issue,https://github.com/NatronGitHub/Natron/issues/38
2018-2/19,2018-2/19,"[CLOSED] Missing ""close project"" menu entry/shortcut (^W)",https://github.com/NatronGitHub/Natron/issues/39
2018-2/19,2018-2/19,[CLOSED] Keyboard modifiers not taken into account in the node graph panel,https://github.com/NatronGitHub/Natron/issues/40
2018-2/19,2018-2/19,[CLOSED] RGBLutOFX - RGBA Combine,https://github.com/NatronGitHub/Natron/issues/41
2018-2/19,2018-2/19,[CLOSED] 0.94 Crashed in Bezier::getControlPointIndex(),https://github.com/NatronGitHub/Natron/issues/42
2018-2/19,2018-2/19,[CLOSED] V0.94 RotoNode is not releasing viewer screen controls again,https://github.com/NatronGitHub/Natron/issues/43
2018-2/19,2018-2/19,[CLOSED] Color Correction still buggy,https://github.com/NatronGitHub/Natron/issues/44
2018-2/19,2018-2/19,[CLOSED] v0.94 PreMultiply Node Crash,https://github.com/NatronGitHub/Natron/issues/45
2018-2/19,2018-2/19,[CLOSED] v0.94 UnPreMultiply Node Crash,https://github.com/NatronGitHub/Natron/issues/46
2018-2/19,2022-1/15,Nudge animation and param curves,https://github.com/NatronGitHub/Natron/issues/47
2018-2/19,2018-2/19,[CLOSED] ParametricParam should not be evaluated until mouse is released,https://github.com/NatronGitHub/Natron/issues/48
2018-2/19,2018-2/19,"[CLOSED] CopyRectangleOFX ""Invert Mask"" not working",https://github.com/NatronGitHub/Natron/issues/49
2018-2/19,2018-2/19,[CLOSED] Cache's green line refresh problem,https://github.com/NatronGitHub/Natron/issues/50
2018-2/19,2018-2/19,[CLOSED] Shortcuts J/K/L are not global to the whole interface,https://github.com/NatronGitHub/Natron/issues/51
2018-2/19,2018-2/19,[CLOSED] Render popup dialog box - no status updating,https://github.com/NatronGitHub/Natron/issues/52
2018-2/19,2018-2/19,[CLOSED] Natron crashes are corrupting project files,https://github.com/NatronGitHub/Natron/issues/53
2018-2/19,2018-2/19,[CLOSED] MergeNode MaskInput Question,https://github.com/NatronGitHub/Natron/issues/54
2018-2/19,2018-2/19,[CLOSED] Natron don't star on ubuntu 14.04,https://github.com/NatronGitHub/Natron/issues/55
2018-2/19,2018-2/19,[CLOSED] Basic text generator,https://github.com/NatronGitHub/Natron/issues/56
2018-2/19,2018-2/19,[CLOSED] can't render project from command line,https://github.com/NatronGitHub/Natron/issues/57
2018-2/19,2018-2/19,[CLOSED] Can't open a project (when Natro is closed and I launch natro from project file) : Crash,https://github.com/NatronGitHub/Natron/issues/58
2018-2/19,2018-2/19,[CLOSED] Some bugs on linux.,https://github.com/NatronGitHub/Natron/issues/59
2018-2/19,2018-2/19,[CLOSED] IRC Channel for Natron,https://github.com/NatronGitHub/Natron/issues/60
2018-2/19,2018-2/19,"[CLOSED] ""Select Color"" doesnt affect color attribute until ""OK"" is clicked",https://github.com/NatronGitHub/Natron/issues/61
2018-2/19,2018-2/19,[CLOSED] Natron does not save UnlockedFrames,https://github.com/NatronGitHub/Natron/issues/62
2018-2/19,2018-2/19,[CLOSED] Roto Node errors message,https://github.com/NatronGitHub/Natron/issues/63
2018-2/19,2018-2/19,[CLOSED] close/disable right dock if needed,https://github.com/NatronGitHub/Natron/issues/64
2018-2/19,2018-2/19,[CLOSED] RGBLutOFX crashes V0.95,https://github.com/NatronGitHub/Natron/issues/65
2018-2/19,2018-2/19,[CLOSED] windows : drag and drop network file create reader with wrong path,https://github.com/NatronGitHub/Natron/issues/66
2018-2/19,2018-2/19,[CLOSED] Ubuntu: error loading sequences,https://github.com/NatronGitHub/Natron/issues/67
2018-2/19,2018-2/19,[CLOSED] Card3D like type of node for 2.5D compositing,https://github.com/NatronGitHub/Natron/issues/68
2018-2/19,2018-2/19,[CLOSED] Transform node  (both) scale bug,https://github.com/NatronGitHub/Natron/issues/69
2018-2/19,2018-2/19,[CLOSED] Image Sequencesare not recognized.,https://github.com/NatronGitHub/Natron/issues/70
2018-2/19,2018-2/19,[CLOSED] TransformOFX blurs image because of Floating Point,https://github.com/NatronGitHub/Natron/issues/71
2018-2/19,2018-2/19,[CLOSED] Shuffle Node Viewer Errors,https://github.com/NatronGitHub/Natron/issues/72
2018-2/19,2018-2/19,[CLOSED] Roto Node chains,https://github.com/NatronGitHub/Natron/issues/73
2018-2/19,2018-2/19,[CLOSED] Curve Lightness,https://github.com/NatronGitHub/Natron/issues/74
2018-2/19,2018-2/19,[CLOSED] Possibility to select many points in CurveEditor,https://github.com/NatronGitHub/Natron/issues/75
2018-2/19,2020-6/7,Very minor request: audio file amplitude extraction node,https://github.com/NatronGitHub/Natron/issues/76
2018-3/25,2018-3/26,lot of spam at console logs,https://github.com/NatronGitHub/Natron/issues/77
2018-4/24,nan,enancement for keypoint editing via 2d cursor,https://github.com/NatronGitHub/Natron/issues/78
2018-4/24,nan,Features wanted: Vectorscope and Waveform,https://github.com/NatronGitHub/Natron/issues/79
2018-4/24,2018-4/24,Make a new color dialog,https://github.com/NatronGitHub/Natron/issues/80
2018-4/24,nan,Switching Nodes,https://github.com/NatronGitHub/Natron/issues/81
2018-4/24,nan,Overlay nodegraph over viewer,https://github.com/NatronGitHub/Natron/issues/82
2018-4/24,2020-1/5,display bugs on menus,https://github.com/NatronGitHub/Natron/issues/83
2018-4/24,nan,Viewer Grid Overlays: Request,https://github.com/NatronGitHub/Natron/issues/84
2018-4/24,nan,Feature Request: Viewer Overlay Controls,https://github.com/NatronGitHub/Natron/issues/85
2018-4/24,nan,"Separate R,G,B channel is cached again.",https://github.com/NatronGitHub/Natron/issues/86
2018-4/24,nan,OFX Transition context not well supported,https://github.com/NatronGitHub/Natron/issues/87
2018-4/24,nan,Depth Tools,https://github.com/NatronGitHub/Natron/issues/88
2018-4/24,nan,Roto Node Layers | enhancement,https://github.com/NatronGitHub/Natron/issues/89
2018-4/24,nan,Feature Request: Slice Tool,https://github.com/NatronGitHub/Natron/issues/90
2018-4/24,nan,Roto Enhancement / Switch direction curve-feather,https://github.com/NatronGitHub/Natron/issues/91
2018-4/24,nan,Roto: shift + drag feather to move all feathers with the same amount,https://github.com/NatronGitHub/Natron/issues/92
2018-4/24,nan,tracker frame range -> enhancement ,https://github.com/NatronGitHub/Natron/issues/93
2018-4/24,nan,"""Refresh viewer only when editing is finished"" preference should also affect interacts",https://github.com/NatronGitHub/Natron/issues/94
2018-4/24,nan,Spline deformer -> enhancement [$300],https://github.com/NatronGitHub/Natron/issues/95
2018-4/24,nan,Color Picker: Ctrl+Alt+click should sample color from the input of the viewed node,https://github.com/NatronGitHub/Natron/issues/96
2018-4/24,nan,ctrl+click+move on a node should move all nodes upstream and Ctrl+shift+click should select them,https://github.com/NatronGitHub/Natron/issues/97
2018-4/24,nan,multi-output python Groups enhancement,https://github.com/NatronGitHub/Natron/issues/98
2018-4/24,nan,Enhancements in masks,https://github.com/NatronGitHub/Natron/issues/99
2018-4/24,nan,TrackerPM: Feature Request - Lock to Track,https://github.com/NatronGitHub/Natron/issues/100
2018-4/24,nan,keyboard shortcuts should be more visible in the GUI,https://github.com/NatronGitHub/Natron/issues/101
2018-4/24,2020-1/5,Live read node,https://github.com/NatronGitHub/Natron/issues/102
2018-4/24,nan,Nodegraph: Select nodes with similar classes ,https://github.com/NatronGitHub/Natron/issues/103
2018-4/24,nan,re-timing / interpolation,https://github.com/NatronGitHub/Natron/issues/104
2018-4/24,nan,MetaData ,https://github.com/NatronGitHub/Natron/issues/105
2018-4/24,nan,"alignment, possible?",https://github.com/NatronGitHub/Natron/issues/106
2018-4/24,nan,Group Node: parent - child expand/collapse feature,https://github.com/NatronGitHub/Natron/issues/107
2018-4/24,nan,Should NodeGraph be rewritten to use OpenGL instead of QGraphics framework?,https://github.com/NatronGitHub/Natron/issues/108
2018-4/24,nan,Auto Offset for adding & removing nodes,https://github.com/NatronGitHub/Natron/issues/109
2018-4/24,nan,Color Temperature Correction... available?,https://github.com/NatronGitHub/Natron/issues/110
2018-4/24,nan,Add keystrokes for many actions (especially in the viewer),https://github.com/NatronGitHub/Natron/issues/111
2018-4/24,nan,UI: Add a badge/colored line on the bottom of nodes that get cached,https://github.com/NatronGitHub/Natron/issues/112
2018-4/24,nan,Full SMPTE timecode values: Request for FFMpeg videos,https://github.com/NatronGitHub/Natron/issues/113
2018-4/24,nan,Give the timeline it's own panel,https://github.com/NatronGitHub/Natron/issues/114
2018-4/24,nan,Natron As a Python Module (enhancement),https://github.com/NatronGitHub/Natron/issues/115
2018-4/24,nan,CurveTool,https://github.com/NatronGitHub/Natron/issues/116
2018-4/24,nan,Show Out of Range Pixels (Enhancement),https://github.com/NatronGitHub/Natron/issues/117
2018-4/24,nan,Merge3D node ,https://github.com/NatronGitHub/Natron/issues/118
2018-4/24,nan,Chinese Language or Unicode Charset Support?,https://github.com/NatronGitHub/Natron/issues/119
2018-4/24,nan,Curves modifiers,https://github.com/NatronGitHub/Natron/issues/120
2018-4/24,nan,Properties panel / node info: unconnected clips should appear too,https://github.com/NatronGitHub/Natron/issues/121
2018-4/24,nan,"Linux: using NatronSetup from CLI, without a Gui",https://github.com/NatronGitHub/Natron/issues/122
2018-4/24,nan,Curve editor: freehand curve sketching,https://github.com/NatronGitHub/Natron/issues/123
2018-4/24,nan,[wishlist] support for VapourSynth filters/plugins/scripts in Natron,https://github.com/NatronGitHub/Natron/issues/124
2018-4/24,nan,"Enhancement:  Retime bounce,loop,hold,black",https://github.com/NatronGitHub/Natron/issues/125
2018-4/24,nan,Render inidividual and ranges using write node in gui,https://github.com/NatronGitHub/Natron/issues/126
2018-4/24,nan,"When the project lock file belongs to a non-existing process on the current host, steal the lock",https://github.com/NatronGitHub/Natron/issues/127
2018-4/24,nan,"User parameters: when changing the group or page of a parameter, insert it in last position",https://github.com/NatronGitHub/Natron/issues/128
2018-4/24,nan,User parameters: group parameters cannot be edited,https://github.com/NatronGitHub/Natron/issues/129
2018-4/24,nan,"Group parameters should have a ""Description"" field in the Node page",https://github.com/NatronGitHub/Natron/issues/130
2018-4/24,nan,File Browser and creating Reads.,https://github.com/NatronGitHub/Natron/issues/131
2018-4/24,nan,feature request - mouse scrubbing,https://github.com/NatronGitHub/Natron/issues/132
2018-4/24,nan,"feature request: ""batch"" channel renaming",https://github.com/NatronGitHub/Natron/issues/133
2018-4/24,2021-1/31,Feature Request: Krita Animation Plugin,https://github.com/NatronGitHub/Natron/issues/134
2018-4/24,nan,AutoScroll: dragged node does not follow,https://github.com/NatronGitHub/Natron/issues/135
2018-4/24,2022-1/15,Hovering info disappears,https://github.com/NatronGitHub/Natron/issues/136
2018-4/24,nan,EDL (edit decision list) import,https://github.com/NatronGitHub/Natron/issues/137
2018-4/24,nan,Feature: curve smoothing,https://github.com/NatronGitHub/Natron/issues/138
2018-4/24,nan,Feature: External monitor support with scale 1:1 reproduction and stereo support,https://github.com/NatronGitHub/Natron/issues/139
2018-4/24,nan,Presets enhancements,https://github.com/NatronGitHub/Natron/issues/140
2018-4/24,2021-7/4,Color Hex Color Codes,https://github.com/NatronGitHub/Natron/issues/141
2018-4/24,nan,Custom RotoPaint Brushes & Shapes,https://github.com/NatronGitHub/Natron/issues/142
2018-4/24,2021-3/13,Every other time Natron fails to launch OSX,https://github.com/NatronGitHub/Natron/issues/143
2018-4/24,nan,feature request: comp stack node,https://github.com/NatronGitHub/Natron/issues/144
2018-4/24,nan,Try integrating Crashpad,https://github.com/NatronGitHub/Natron/issues/145
2018-4/24,nan,Rotos are not displayed in Dopesheet,https://github.com/NatronGitHub/Natron/issues/146
2018-4/24,nan,Feather Roto Bug,https://github.com/NatronGitHub/Natron/issues/147
2018-4/24,2021-3/1,Re-write ReadFFMPEG to be up to date with ffmpeg.c,https://github.com/NatronGitHub/Natron/issues/148
2018-4/24,nan,"Python API Feature Request: add .sample(channel, x, y) to nodes?",https://github.com/NatronGitHub/Natron/issues/149
2018-4/24,nan,RunScript node on windows,https://github.com/NatronGitHub/Natron/issues/150
2018-4/24,nan,Natron as Flipbooker (enhancement) [Add cmd line parameters],https://github.com/NatronGitHub/Natron/issues/151
2018-4/24,nan,LUE grading toolset for natron,https://github.com/NatronGitHub/Natron/issues/152
2018-4/24,nan,Embed IPython Shell in Natron (enhancement),https://github.com/NatronGitHub/Natron/issues/153
2018-4/24,nan,[question] mouse panning 'continuous' in viewer?,https://github.com/NatronGitHub/Natron/issues/154
2018-4/24,nan,Shorter Channel selector dropdown list with channel knobs for each layer,https://github.com/NatronGitHub/Natron/issues/155
2018-4/24,nan,Proxy mode for rendering to disk,https://github.com/NatronGitHub/Natron/issues/156
2018-4/24,nan,Feather a shape inward does not work,https://github.com/NatronGitHub/Natron/issues/157
2018-4/24,nan,Option in preferences to descrease nodes size. To save up space in graph,https://github.com/NatronGitHub/Natron/issues/158
2018-4/24,2021-4/10,Roto with jagged edges,https://github.com/NatronGitHub/Natron/issues/159
2018-4/24,nan,Tracker keyframes in dopesheet/curve editor,https://github.com/NatronGitHub/Natron/issues/160
2018-4/24,nan,Expose ffmpeg command line options,https://github.com/NatronGitHub/Natron/issues/161
2018-4/24,nan,Hide autosave file (enhancement),https://github.com/NatronGitHub/Natron/issues/162
2018-4/24,nan,Feature Request: Cryptomatte implementation,https://github.com/NatronGitHub/Natron/issues/163
2018-4/24,2021-4/10,Lightwrap issue,https://github.com/NatronGitHub/Natron/issues/164
2018-4/24,nan,Multiopen file reader (creating multiple readers from one file dialog),https://github.com/NatronGitHub/Natron/issues/165
2018-4/24,2021-4/10,Drag & dropping video files should not be recognized as sequences,https://github.com/NatronGitHub/Natron/issues/166
2018-4/24,2021-4/10,Can't link parameters which are disabled,https://github.com/NatronGitHub/Natron/issues/167
2018-4/24,2021-4/16,Remember Minimize state when reopening project,https://github.com/NatronGitHub/Natron/issues/168
2018-4/24,2022-2/7,Feature Request: Completion Meter for Taskbar Icon,https://github.com/NatronGitHub/Natron/issues/169
2018-4/24,nan,Roto without RGB input should output alpha only,https://github.com/NatronGitHub/Natron/issues/170
2018-4/24,nan,deprecated plugins are not accessible even when explicitely enabled in the prefs,https://github.com/NatronGitHub/Natron/issues/171
2018-4/24,nan,Rotopaint: Can't choose lifetime for strokes before drawing them,https://github.com/NatronGitHub/Natron/issues/172
2018-4/24,nan,Feature suggestion: Snap to branches when multiple nodes are selected within the Nodegraph,https://github.com/NatronGitHub/Natron/issues/173
2018-4/24,nan,"Numeric fields in node settings with expressions show last digits, not first, of multidigit numbers",https://github.com/NatronGitHub/Natron/issues/174
2018-4/24,nan,Node Graph: hints - link between nodes,https://github.com/NatronGitHub/Natron/issues/175
2018-4/24,nan,Support Reading/Writing Tiled Multi-Resolution TIFF and EXR,https://github.com/NatronGitHub/Natron/issues/176
2018-4/24,nan,Native OpenJPEG JPEG2000 Reader to read multi-resolution JPEG2000,https://github.com/NatronGitHub/Natron/issues/177
2018-4/24,nan,Roto bounding box doesn't follow the bezier shape when transformed,https://github.com/NatronGitHub/Natron/issues/178
2018-4/24,nan,Viewers's A and B choices should be named after the real input if input is Dot,https://github.com/NatronGitHub/Natron/issues/179
2018-4/24,2022-1/15,Spaceship demo project does not load (3.0),https://github.com/NatronGitHub/Natron/issues/180
2018-4/24,2019-6/27,Crash if Natron is closed while playback is running,https://github.com/NatronGitHub/Natron/issues/181
2018-4/24,2022-1/29,Roto shape,https://github.com/NatronGitHub/Natron/issues/182
2018-4/24,2021-4/10,Feedback on three issues I can not reliably reproduce,https://github.com/NatronGitHub/Natron/issues/183
2018-4/24,2021-4/9,Remove all keyframes button,https://github.com/NatronGitHub/Natron/issues/184
2018-4/24,nan,"DenoiseSharpen: Improved Feedback on Noise Reduction ""Sample"" Quality",https://github.com/NatronGitHub/Natron/issues/185
2018-4/24,nan,Doesn't read .MTS from my camera,https://github.com/NatronGitHub/Natron/issues/186
2018-4/24,nan,Switch from markdown to restructuredtext (rst) for plugins documentation?,https://github.com/NatronGitHub/Natron/issues/187
2018-4/24,2021-4/9,Writer node records,https://github.com/NatronGitHub/Natron/issues/188
2018-4/24,2021-4/9,NatronRenderer does not return when enableCrashReports=false,https://github.com/NatronGitHub/Natron/issues/189
2018-4/24,2022-1/15,UI feels slow + needs clean up,https://github.com/NatronGitHub/Natron/issues/190
2018-4/24,nan,"When changing the file extension in a reader/writer, the plugin help does not change",https://github.com/NatronGitHub/Natron/issues/191
2018-4/24,nan,"Natron does not observe disk,cache size limits, crashes when disk space runs out",https://github.com/NatronGitHub/Natron/issues/192
2018-4/24,2020-6/7,"Drag and drop images from network locations (Bug, Windows)",https://github.com/NatronGitHub/Natron/issues/193
2018-4/24,2021-4/9,bug or crash: natron is strange [2.2.4],https://github.com/NatronGitHub/Natron/issues/194
2018-4/24,nan,Conflicting key bindings. Number keys used for nudge roto and tracker,https://github.com/NatronGitHub/Natron/issues/195
2018-4/24,2021-4/10,Natron sometimes crashes when trying to edit bezier roto,https://github.com/NatronGitHub/Natron/issues/196
2018-4/24,2021-4/9,Natron removes some frames in the viewer.,https://github.com/NatronGitHub/Natron/issues/197
2018-4/24,2021-4/9,Suggestion: Write node should not have premult settings,https://github.com/NatronGitHub/Natron/issues/198
2018-4/24,2021-4/9,Read node: changing the decoder should probably call instancechanged(filename),https://github.com/NatronGitHub/Natron/issues/199
2018-4/24,2022-1/15,"""Crash reporter process does not seem to be responding anymore. This pipe IPC_COM might be used somewhere else.""",https://github.com/NatronGitHub/Natron/issues/200
2018-4/24,2021-7/21,Color Selector (replace QColorDialog),https://github.com/NatronGitHub/Natron/issues/201
2018-4/24,2021-4/9,open bezier end tangent interpolation is wrong in GUI,https://github.com/NatronGitHub/Natron/issues/202
2018-4/24,2021-4/9,ReadPNG error in render,https://github.com/NatronGitHub/Natron/issues/203
2018-4/24,nan,"Animating multi-dimension parameters difficult/impossible when set to ""single dimension for all parameters""",https://github.com/NatronGitHub/Natron/issues/204
2018-4/24,2020-6/5,Rotopaint issue: stroke attributes are lost when changing visibility,https://github.com/NatronGitHub/Natron/issues/205
2018-4/24,nan,Rotopaint issue: color picking,https://github.com/NatronGitHub/Natron/issues/206
2018-4/24,nan,Natron's process doesn't hangup when exiting ...,https://github.com/NatronGitHub/Natron/issues/207
2018-4/24,2022-1/15,Can only write RGBA and RGB components images,https://github.com/NatronGitHub/Natron/issues/208
2018-4/24,nan,Viewer: 8-bit textures do not work,https://github.com/NatronGitHub/Natron/issues/209
2018-4/24,2022-1/15,Natron master cannot load projects from Natron 2.3.0,https://github.com/NatronGitHub/Natron/issues/210
2018-4/24,nan,Optical Flow/Rolling Shutter Nodes,https://github.com/NatronGitHub/Natron/issues/211
2018-4/24,2021-4/9,Hitfilm Inginte OFX plugins result in CTD,https://github.com/NatronGitHub/Natron/issues/212
2018-4/24,2021-4/9,Transform Node Preview Widget causes frequent crashes,https://github.com/NatronGitHub/Natron/issues/213
2018-4/24,2020-1/23,Error during installation proccess (OpenFX Extra Plugins),https://github.com/NatronGitHub/Natron/issues/214
2018-4/24,nan,Add Ubuntu PPA and Debian repo,https://github.com/NatronGitHub/Natron/issues/215
2018-4/24,nan,Natron 3: Read and Write nodes do not have the Info panel anymore,https://github.com/NatronGitHub/Natron/issues/216
2018-4/24,2021-4/9,Opening a project destroys the current project if not saved,https://github.com/NatronGitHub/Natron/issues/217
2018-4/24,2022-1/29,Should Merge consider RGB images have alpha=1 or alpha=1 (currently alpha=0): use case,https://github.com/NatronGitHub/Natron/issues/218
2018-4/24,2021-4/9,Natron's breakpad crash reporter blocks Safari and Mail on macOS,https://github.com/NatronGitHub/Natron/issues/219
2018-4/24,2021-4/9,Natron does not warn when saving or rendering to full disk,https://github.com/NatronGitHub/Natron/issues/220
2018-4/24,2022-1/15,Natron 2.3.2 crashes with antialias and defocus from natron-plugins,https://github.com/NatronGitHub/Natron/issues/221
2018-4/24,nan,ZDepth,https://github.com/NatronGitHub/Natron/issues/222
2018-4/24,nan,"Too many inputs created when creating a Group from a node with optional inputs (Merge, RotoPaint)",https://github.com/NatronGitHub/Natron/issues/223
2018-4/24,2020-1/5,Recalling window/panel configuration with project?,https://github.com/NatronGitHub/Natron/issues/224
2018-4/24,2020-1/5,Natron binary naming breaks Linux convention,https://github.com/NatronGitHub/Natron/issues/225
2018-4/24,nan,Add preferences for noodle thickness and color (Lines connecting the nodes are hard to see on UDF display),https://github.com/NatronGitHub/Natron/issues/226
2018-4/24,nan,Sync Natron playback to JACK transport,https://github.com/NatronGitHub/Natron/issues/227
2018-4/24,2021-4/9,"Add MariaDB, SQLite3 and PostgreSQL python adapters + Qt plugins to the Natron binary distrib.",https://github.com/NatronGitHub/Natron/issues/228
2018-4/24,2020-1/24,"ColorLookup No work, no normal operation",https://github.com/NatronGitHub/Natron/issues/229
2018-4/24,2019-8/8,Texture node: rename Gradient/Regular to Gradient/Linear,https://github.com/NatronGitHub/Natron/issues/230
2018-4/24,2021-3/1,FFmpeg Reader failed to decode frame: End of file,https://github.com/NatronGitHub/Natron/issues/231
2018-4/24,2020-6/5,Adjusting User-Parameters crashes Natron (on OSX),https://github.com/NatronGitHub/Natron/issues/232
2018-4/24,nan,Gaffer Support,https://github.com/NatronGitHub/Natron/issues/233
2018-4/24,2020-1/5,Pre-compiled binaries doesn't exist,https://github.com/NatronGitHub/Natron/issues/234
2018-4/24,2021-4/9,Natron crashes after ~100 frames of playback on ubuntu.,https://github.com/NatronGitHub/Natron/issues/235
2018-4/24,nan,Bad network paths on symlink provided to OCIO.,https://github.com/NatronGitHub/Natron/issues/236
2018-4/24,nan,"Option to ""Clear"" the project",https://github.com/NatronGitHub/Natron/issues/237
2018-4/24,2022-1/15,Roto Bug or Issue on Mac,https://github.com/NatronGitHub/Natron/issues/238
2018-4/24,nan,Tracker bugs on Mac,https://github.com/NatronGitHub/Natron/issues/239
2018-4/24,nan,Viewer Glitch on Mac,https://github.com/NatronGitHub/Natron/issues/240
2018-4/24,2021-3/1,Cannot Import Video Files Generated From OBS to Natron,https://github.com/NatronGitHub/Natron/issues/241
2018-4/24,nan,Dots size.,https://github.com/NatronGitHub/Natron/issues/242
2018-4/24,2021-4/9,No Icon in window list (Linux Mint 18.3),https://github.com/NatronGitHub/Natron/issues/243
2018-4/24,2021-4/9,Write1 Error,https://github.com/NatronGitHub/Natron/issues/244
2018-4/24,2021-4/14,Links break when Node is copied,https://github.com/NatronGitHub/Natron/issues/245
2018-4/24,2021-4/9,Grade Node appears to lockup with large images 2.3.9,https://github.com/NatronGitHub/Natron/issues/246
2018-4/24,2020-1/5,Docking a tab makes app to just quit,https://github.com/NatronGitHub/Natron/issues/247
2018-4/24,nan,Rendering silently stalls after X frames,https://github.com/NatronGitHub/Natron/issues/248
2018-4/24,2021-4/9,Write node Manual frame range not being updated,https://github.com/NatronGitHub/Natron/issues/249
2018-4/24,2020-5/12,having a option in param management to set user point interact,https://github.com/NatronGitHub/Natron/issues/250
2018-4/24,2019-6/8,could you make a flatpak for natron?,https://github.com/NatronGitHub/Natron/issues/251
2018-4/24,nan,Feature Request: Full GPU (CUDA) support,https://github.com/NatronGitHub/Natron/issues/252
2018-4/24,2018-4/24, enable integration with Bountysource for this issue tracker?,https://github.com/NatronGitHub/Natron/issues/253
2018-4/24,nan,render bugs when isIdentity() is not consistent with getFramesNeeded(),https://github.com/NatronGitHub/Natron/issues/254
2018-4/24,nan,Hiding rarely-used parameters: live switching  between expert-normal-easy modes,https://github.com/NatronGitHub/Natron/issues/255
2018-4/25,2022-7/20,Qt5 support,https://github.com/NatronGitHub/Natron/issues/256
2018-4/27,2021-4/9,GitLab mirror and CI integration,https://github.com/NatronGitHub/Natron/issues/257
2018-4/28,2019-2/24,Flatpak package,https://github.com/NatronGitHub/Natron/issues/258
2018-4/29,2018-4/30,Render Problems - Specific Project,https://github.com/NatronGitHub/Natron/issues/259
2018-4/29,2018-4/30,Warnings/errors about missing node versions or parameters when loading an old project,https://github.com/NatronGitHub/Natron/issues/260
2018-4/30,2022-1/15,"Invalid 'From' tag error when rendering on Windows if the system's decimal separator is not "".""",https://github.com/NatronGitHub/Natron/issues/262
2018-4/30,2018-5/3,Natron 2.3.11: Read Node decoder errors,https://github.com/NatronGitHub/Natron/issues/263
2018-5/2,nan,ReadSVG: Continuously Rasterize,https://github.com/NatronGitHub/Natron/issues/264
2018-5/5,2018-5/12,Linux binaries should not depend on libselinux.so.1,https://github.com/NatronGitHub/Natron/issues/265
2018-5/6,2021-4/10,Crash on open under CentOS 7 on virtual machine,https://github.com/NatronGitHub/Natron/issues/266
2018-5/6,2018-5/7,Out of memory,https://github.com/NatronGitHub/Natron/issues/267
2018-5/10,2022-1/15,Shadertoy: Can not render: OpenGL 2.0 or GL_ARB_texture_non_power_of_two is required.,https://github.com/NatronGitHub/Natron/issues/268
2018-5/12,2018-5/16,Text is not recognizing fonts in Linux,https://github.com/NatronGitHub/Natron/issues/269
2018-5/16,nan,"Python API: ""filters"" argument is ignored in app.getFilenameDialog(filters)",https://github.com/NatronGitHub/Natron/issues/270
2018-5/16,nan,Chocolatey package maintainer appears AWOL; needs replacement & updated version,https://github.com/NatronGitHub/Natron/issues/271
2018-5/16,2018-5/18,"""Clear Plugin-ins Load Cache"" was required on 2.3.11 install",https://github.com/NatronGitHub/Natron/issues/272
2018-5/17,2018-5/20,'DenoiseSharpen' node makes a crash,https://github.com/NatronGitHub/Natron/issues/273
2018-5/21,2018-5/21,IDKeyer Error,https://github.com/NatronGitHub/Natron/issues/274
2018-5/21,2020-5/26,Installer for 2.3.11 blocked by Windows Defender,https://github.com/NatronGitHub/Natron/issues/275
2018-5/22,nan,OpenFX support on ARM and ARM64,https://github.com/NatronGitHub/Natron/issues/277
2018-5/22,2020-1/4,'GMIC Add Grain' node is trying to find wrong file,https://github.com/NatronGitHub/Natron/issues/278
2018-5/23,2019-8/6,Timeline ticks not visible with GCC 8.1 to 9.1,https://github.com/NatronGitHub/Natron/issues/279
2018-5/24,2018-5/24,natron crash when saving,https://github.com/NatronGitHub/Natron/issues/280
2018-5/24,2021-4/9,Needs screenshots,https://github.com/NatronGitHub/Natron/issues/281
2018-5/26,nan,Bodymovin with Natron,https://github.com/NatronGitHub/Natron/issues/283
2018-6/7,2018-6/8,HSVL : V reporting incorrect data in the viewer?,https://github.com/NatronGitHub/Natron/issues/286
2018-6/8,2018-6/9,Migrating to GitLab?,https://github.com/NatronGitHub/Natron/issues/287
2018-6/9,2018-6/12,DNG Importing Broken in 2.12 and 2.11,https://github.com/NatronGitHub/Natron/issues/288
2018-6/14,2018-6/14,"Tracker in ""Transform"" mode does not take into account the Center when Rotate != 0 or Scale != 1",https://github.com/NatronGitHub/Natron/issues/289
2018-6/27,2018-6/28,2.3.12 dmg (for mac?),https://github.com/NatronGitHub/Natron/issues/290
2018-6/28,2020-7/22,NatronRenderer 2.3.13 crash on quit (windows 10),https://github.com/NatronGitHub/Natron/issues/291
2018-7/2,2018-7/5,SVG Files: Showing Wrong Pixel Format Errors,https://github.com/NatronGitHub/Natron/issues/292
2018-7/2,2018-8/9,Natron 2.3.13 don't import video files,https://github.com/NatronGitHub/Natron/issues/293
2018-7/19,2018-7/19,Natron 2.3.14 'thisGroup' python function not working anymore,https://github.com/NatronGitHub/Natron/issues/294
2018-7/21,2018-7/25,GMIC_Blur_depthoffield broken 11 or 23 arg that's the question !,https://github.com/NatronGitHub/Natron/issues/295
2018-7/24,2018-7/25,LensDistortion node with PFBarrel Mode has no effect,https://github.com/NatronGitHub/Natron/issues/296
2018-8/5,2018-8/6,Feature Suggestion(s),https://github.com/NatronGitHub/Natron/issues/297
2018-8/7,2018-8/8,Cannot Loop Z Rotation In Card3D,https://github.com/NatronGitHub/Natron/issues/298
2018-8/8,2022-7/17,Viewer freeze when tracking,https://github.com/NatronGitHub/Natron/issues/299
2018-8/8,2020-6/14,DeNoiseSharpen plugin crashing Natron when viewing at 50% or greater,https://github.com/NatronGitHub/Natron/issues/300
2018-8/30,2018-8/30,Text letter spacing doesnt Tween - please confirm Natron 2.3.13,https://github.com/NatronGitHub/Natron/issues/301
2018-8/31,2020-5/26,Windows UNC Path,https://github.com/NatronGitHub/Natron/issues/302
2018-9/1,2020-6/6,Natron Splash screen ignore window focus?,https://github.com/NatronGitHub/Natron/issues/303
2018-9/13,2019-8/8,Natron Text Node Horizontal align not working,https://github.com/NatronGitHub/Natron/issues/304
2018-9/24,2020-1/5,Cannot animate G'MIC filters in Natron,https://github.com/NatronGitHub/Natron/issues/305
2018-9/26,2020-1/4,[Usability] Select/Search for available filter by name,https://github.com/NatronGitHub/Natron/issues/306
2018-10/2,2021-5/28,Roto node keyframes never appear on Dope Sheet,https://github.com/NatronGitHub/Natron/issues/307
2018-10/5,nan,Replacement of Images,https://github.com/NatronGitHub/Natron/issues/308
2018-10/8,2019-5/11,Chromatic Aberration correction in the OIIO RAW file reader,https://github.com/NatronGitHub/Natron/issues/309
2018-10/29,2021-4/9,blocking refreshing problem,https://github.com/NatronGitHub/Natron/issues/310
2018-11/5,2018-11/24,openfx arena is broken,https://github.com/NatronGitHub/Natron/issues/311
2018-11/17,nan,GMIC Inpaint (patch-based) is throwing an error and returning black,https://github.com/NatronGitHub/Natron/issues/312
2018-11/20,2021-4/9,So what to do now...,https://github.com/NatronGitHub/Natron/issues/313
2018-12/6,2020-6/6,SIGSEGV while attempting to write a multi-view EXR with many custom views,https://github.com/NatronGitHub/Natron/issues/315
2018-12/13,2019-7/2,Natron 2.3.14 doesn't start,https://github.com/NatronGitHub/Natron/issues/317
2018-12/30,nan,AppImage for Linux,https://github.com/NatronGitHub/Natron/issues/318
2019-1/3,nan,Feature suggestion : 3D Camera and 3D tracking,https://github.com/NatronGitHub/Natron/issues/319
2019-1/9,nan,Feature Request: Pixel Analyzer,https://github.com/NatronGitHub/Natron/issues/320
2019-1/15,2019-1/15,RotoPaint 64 brush limit,https://github.com/NatronGitHub/Natron/issues/321
2019-1/24,2019-2/26,Detach repo,https://github.com/NatronGitHub/Natron/issues/322
2019-2/9,2019-5/11,Natron has very high memory usage when play the video on view.,https://github.com/NatronGitHub/Natron/issues/325
2019-2/23,2019-2/23,Natron doesn't start,https://github.com/NatronGitHub/Natron/issues/326
2019-2/24,2019-2/24,Failed to build openfx-arena,https://github.com/NatronGitHub/Natron/issues/327
2019-3/4,2021-4/9,Failed to build with Cairo shared lib,https://github.com/NatronGitHub/Natron/issues/328
2019-4/5,2021-3/13,DnxHR is not properly formatted,https://github.com/NatronGitHub/Natron/issues/329
2019-4/8,2019-4/10,Thanks! :),https://github.com/NatronGitHub/Natron/issues/331
2019-4/19,2021-4/9,EXR Data Window Issue,https://github.com/NatronGitHub/Natron/issues/332
2019-4/22,nan,Massive resource usage,https://github.com/NatronGitHub/Natron/issues/333
2019-4/24,2019-4/24,[Linux] GCC 8.2.0 in Natron-sdk will not build,https://github.com/NatronGitHub/Natron/issues/335
2019-4/25,2019-5/29,Cannot build Natron-sdk because natron.fr is down,https://github.com/NatronGitHub/Natron/issues/337
2019-4/27,2019-4/28,Natron website is down!!!,https://github.com/NatronGitHub/Natron/issues/338
2019-4/30,2019-7/2,Broken links in the 2.3.14 linux binary distrib (eg libfreetype.so),https://github.com/NatronGitHub/Natron/issues/342
2019-5/6,nan,Save As Default Folder Suggestion,https://github.com/NatronGitHub/Natron/issues/343
2019-5/7,2019-5/7,Custom Font on Text Node Issue,https://github.com/NatronGitHub/Natron/issues/345
2019-5/7,nan,Animation Curve Handles,https://github.com/NatronGitHub/Natron/issues/346
2019-5/11,2022-1/15,Using Videolan Contrib system to manage 3rdparties,https://github.com/NatronGitHub/Natron/issues/347
2019-5/11,2020-1/22,SDKs: upgrade OpenImageIO to 2.1.10.0,https://github.com/NatronGitHub/Natron/issues/350
2019-5/14,2021-4/9,Building Natron on Linux (CentOS7),https://github.com/NatronGitHub/Natron/issues/351
2019-5/16,2021-4/9,update for QT 5 ?,https://github.com/NatronGitHub/Natron/issues/352
2019-5/16,2019-5/19,Natron sold on e-commerce site (Illegal listing?),https://github.com/NatronGitHub/Natron/issues/353
2019-5/17,nan,"""hero view"" for Nuke compatibility",https://github.com/NatronGitHub/Natron/issues/354
2019-5/29,2019-6/4,Missing libraw in Natron-sdk (Linux),https://github.com/NatronGitHub/Natron/issues/356
2019-6/8,2019-6/9,Breakpad status,https://github.com/NatronGitHub/Natron/issues/359
2019-6/8,2019-6/9,Move to devtoolset on RHEL/CentOS,https://github.com/NatronGitHub/Natron/issues/360
2019-6/8,2019-6/9,Support ANGLE on Windows,https://github.com/NatronGitHub/Natron/issues/361
2019-6/8,2019-6/9,Use mostly static 3rd-party depends on Linux,https://github.com/NatronGitHub/Natron/issues/362
2019-6/8,2019-6/9,New color picker dialog/wheel/widget,https://github.com/NatronGitHub/Natron/issues/363
2019-6/8,2019-6/9,Re-enable deb/rpm packages,https://github.com/NatronGitHub/Natron/issues/364
2019-6/8,2019-6/29,Windows Fontconfig,https://github.com/NatronGitHub/Natron/issues/365
2019-6/8,2019-6/9,License etc on new code commits,https://github.com/NatronGitHub/Natron/issues/366
2019-6/9,nan,Roto and rotopaint mask input doesn't work.,https://github.com/NatronGitHub/Natron/issues/367
2019-6/9,2019-6/23,NatronEngine.Effect.destroy() function not working,https://github.com/NatronGitHub/Natron/issues/368
2019-6/9,2021-4/9,undo problem,https://github.com/NatronGitHub/Natron/issues/370
2019-6/9,2021-4/9,rearrange node function,https://github.com/NatronGitHub/Natron/issues/371
2019-6/10,2019-8/6,version numbers missing on macOS,https://github.com/NatronGitHub/Natron/issues/372
2019-6/22,2019-6/23,using 'dialog.setParamChangedCallback()' makes Natron to quit.,https://github.com/NatronGitHub/Natron/issues/379
2019-6/25,2019-6/25,Open the .AE After effects files with natron,https://github.com/NatronGitHub/Natron/issues/380
2019-6/25,2020-7/22,Create dynamic videos with natron,https://github.com/NatronGitHub/Natron/issues/381
2019-6/26,nan,Natron doesn't remember floating windows positions on second monitor,https://github.com/NatronGitHub/Natron/issues/383
2019-7/1,2019-7/2,Segmentation fault on startup (libfreetype.so.6),https://github.com/NatronGitHub/Natron/issues/385
2019-7/3,2021-4/9,Generic error in an external library,https://github.com/NatronGitHub/Natron/issues/387
2019-7/5,2021-10/6,"Add copyNode (), pasteNode() and duplicateNode() functions",https://github.com/NatronGitHub/Natron/issues/390
2019-7/5,2019-7/5,Add pluginID to plugins documentation,https://github.com/NatronGitHub/Natron/issues/391
2019-7/10,2021-4/9,Exported video is only a 10th of a second,https://github.com/NatronGitHub/Natron/issues/392
2019-7/11,2019-7/12,Fix links in the Python doc,https://github.com/NatronGitHub/Natron/issues/393
2019-7/12,2019-7/13,Add Repology badge,https://github.com/NatronGitHub/Natron/issues/394
2019-7/14,2019-7/15,Flatpak doesn't include h264/mp4 support,https://github.com/NatronGitHub/Natron/issues/399
2019-7/16,2020-1/4,binary builds do not contain documentation (at least on macOS),https://github.com/NatronGitHub/Natron/issues/401
2019-7/18,nan,Tracker 'Transform' properties unreachable before a Bezier curve is created,https://github.com/NatronGitHub/Natron/issues/403
2019-7/18,2021-4/17,Roto: Bezier 'not visible' wrong icon,https://github.com/NatronGitHub/Natron/issues/404
2019-7/18,nan,Bug in removeItem() python function,https://github.com/NatronGitHub/Natron/issues/405
2019-7/18,nan,Roto : missing getSelectedItems() function ?,https://github.com/NatronGitHub/Natron/issues/406
2019-7/20,2019-7/20,Python GIL deadlock,https://github.com/NatronGitHub/Natron/issues/407
2019-7/24,2019-7/26,Blur node with guassian or quasi-guassian filter make a thick and wired feather,https://github.com/NatronGitHub/Natron/issues/408
2019-7/26,2019-7/29,I can't find Text Node in Draw,https://github.com/NatronGitHub/Natron/issues/409
2019-7/26,2019-8/7,2.3.15 R4 - Not running Ubuntu 19.1,https://github.com/NatronGitHub/Natron/issues/410
2019-7/29,2019-7/31,"Feature Request: FrameRange ""loop"" option",https://github.com/NatronGitHub/Natron/issues/411
2019-8/1,2019-8/6,"Crop : Extent:""Size"" reformat, not really reformat",https://github.com/NatronGitHub/Natron/issues/413
2019-8/3,2019-8/4,G'MIC plugins not showing up in Natron 2.3.15 RC6,https://github.com/NatronGitHub/Natron/issues/414
2019-8/3,2020-6/5,Read node class are different on Windows and Linux,https://github.com/NatronGitHub/Natron/issues/415
2019-8/6,2019-8/6,LensDistortion issue in Natron 2.3.15rc6,https://github.com/NatronGitHub/Natron/issues/416
2019-8/6,2019-8/8,Random freeze when rendering,https://github.com/NatronGitHub/Natron/issues/417
2019-8/7,2020-5/26,Binaries build system (Windows not yet available),https://github.com/NatronGitHub/Natron/issues/418
2019-8/8,2019-8/8,rotopaint error,https://github.com/NatronGitHub/Natron/issues/419
2019-8/8,2019-8/25,Rotopaint error when working with multiple layers (SOLVED thanks Ivanohe73 & devernay),https://github.com/NatronGitHub/Natron/issues/420
2019-8/15,2019-8/15,GLSL nodes will not render to images or movie files with the Write node. Natron 2.3.15 RC7 and Ubuntu 19.x,https://github.com/NatronGitHub/Natron/issues/422
2019-8/29,2020-1/4,forbidden,https://github.com/NatronGitHub/Natron/issues/424
2019-9/2,2019-10/3,Export problem when using a plugin,https://github.com/NatronGitHub/Natron/issues/425
2019-9/6,2020-1/4,Installer for Linux shows pixelated text and in some instances non-enlish text,https://github.com/NatronGitHub/Natron/issues/426
2019-9/13,2020-5/27,Read EXR image sequence causes Natron to crash during project closure,https://github.com/NatronGitHub/Natron/issues/427
2019-9/14,2020-1/16,Bug import svg file in Natron version Natron version 2.3.14 Release. in Ubuntu 18.04 LTS,https://github.com/NatronGitHub/Natron/issues/428
2019-9/19,2020-6/5,Could not find layer Color in view Right in .exr,https://github.com/NatronGitHub/Natron/issues/429
2019-10/4,nan,Lightning_Bolt Crashing Natron,https://github.com/NatronGitHub/Natron/issues/430
2019-10/15,2020-1/4,"OSX: undefined symbol on OSX 10.7-10.8, missing libc++ and libc++abi on 10.6",https://github.com/NatronGitHub/Natron/issues/431
2019-10/16,2020-1/4,Error while installation and run (on Ubuntu 19.04),https://github.com/NatronGitHub/Natron/issues/432
2019-10/30,2019-11/13,Transparency not preserved on gif export,https://github.com/NatronGitHub/Natron/issues/433
2019-11/20,nan,natron suport in mexico in spanish please,https://github.com/NatronGitHub/Natron/issues/434
2019-11/22,2020-1/4,2.3.14 ImportError: No module named site,https://github.com/NatronGitHub/Natron/issues/435
2019-11/29,nan,Mocha integration in Natron,https://github.com/NatronGitHub/Natron/issues/436
2019-11/29,2021-6/16,Dev : Gui should need to be rewrite ,https://github.com/NatronGitHub/Natron/issues/437
2019-12/4,2020-5/27,Update the instructions to build on Windows,https://github.com/NatronGitHub/Natron/issues/438
2019-12/12,2020-1/23,Project Settings Not stored,https://github.com/NatronGitHub/Natron/issues/439
2019-12/24,2019-12/25,Plugin not found in background usage - Docker,https://github.com/NatronGitHub/Natron/issues/442
2020-1/5,2020-6/8,Meta-issue: 2.3.15 release blockers,https://github.com/NatronGitHub/Natron/issues/445
2020-1/11,2020-1/11,frameblend.ntp test project does not load correctly,https://github.com/NatronGitHub/Natron/issues/447
2020-1/11,2020-1/12,Hang when an expression gets Tracker values,https://github.com/NatronGitHub/Natron/issues/448
2020-1/12,2020-1/15,Property panels of PyPlug's nodes cannot be closed or fully inspected,https://github.com/NatronGitHub/Natron/issues/449
2020-1/14,2021-1/31,A feature as a PBR Rendering for Natron,https://github.com/NatronGitHub/Natron/issues/451
2020-1/24,2021-4/10,DocumentationManager: Update HTML,https://github.com/NatronGitHub/Natron/issues/453
2020-1/25,2020-1/27,Delete Rotopaint node makes Natron crash,https://github.com/NatronGitHub/Natron/issues/454
2020-2/9,nan,Merge / Viewer / Writer Node issue with Operation Modes,https://github.com/NatronGitHub/Natron/issues/455
2020-2/9,2020-3/30,Crash when writing an image >= 12K,https://github.com/NatronGitHub/Natron/issues/456
2020-2/14,2021-1/31,How do you use Natron?,https://github.com/NatronGitHub/Natron/issues/457
2020-2/16,2020-2/18,Has this project stagnated? ,https://github.com/NatronGitHub/Natron/issues/458
2020-2/17,nan,Viewer window becomes overcrowded with error messages,https://github.com/NatronGitHub/Natron/issues/459
2020-2/17,nan,Keyframes keep 'moving'?,https://github.com/NatronGitHub/Natron/issues/460
2020-2/18,2020-4/19,How do I install Natron on Debian Linux?,https://github.com/NatronGitHub/Natron/issues/461
2020-3/3,2020-3/3,Natron does not start / crash,https://github.com/NatronGitHub/Natron/issues/462
2020-3/3,nan,Linux - Centos 7 |  arrow keys shortcutÂ ,https://github.com/NatronGitHub/Natron/issues/463
2020-3/12,2020-3/13,Shadertoy inputs broken on Win10 Natron 2.3.15RC15,https://github.com/NatronGitHub/Natron/issues/464
2020-3/14,2020-7/22,Contributing to the documentation,https://github.com/NatronGitHub/Natron/issues/465
2020-3/15,2022-1/15,runtime error of Natron.exe (Mingw64 build),https://github.com/NatronGitHub/Natron/issues/466
2020-3/18,2020-3/21,duplicate filename in github prevent cloning on windows,https://github.com/NatronGitHub/Natron/issues/469
2020-3/21,2020-4/19,Open Sequence Dialog Shows No Files on Ubuntu 19.10,https://github.com/NatronGitHub/Natron/issues/471
2020-3/22,2020-3/28,Error at the launch,https://github.com/NatronGitHub/Natron/issues/472
2020-3/24,2022-1/15,NatronRender process often go to sleep,https://github.com/NatronGitHub/Natron/issues/473
2020-3/30,2020-4/10,Linux binaries: use CentOS6+devtoolset-8,https://github.com/NatronGitHub/Natron/issues/474
2020-3/30,2020-3/30,Fill node doesn't cover full image,https://github.com/NatronGitHub/Natron/issues/475
2020-4/8,2020-6/6,Adding a Retime node causes expressions to cease functioning,https://github.com/NatronGitHub/Natron/issues/476
2020-4/17,2020-4/19,Project saving is tricki because i need to put project name inside file path edit box. ,https://github.com/NatronGitHub/Natron/issues/477
2020-4/17,nan,feature proposal:  Tool like after Effects Roto Brush.,https://github.com/NatronGitHub/Natron/issues/478
2020-4/21,nan,Natron doesn't immediately load user parameters when loading preset,https://github.com/NatronGitHub/Natron/issues/480
2020-4/21,2020-4/22,r,https://github.com/NatronGitHub/Natron/issues/481
2020-4/22,2020-6/6,Animated Font Family doesn't render,https://github.com/NatronGitHub/Natron/issues/482
2020-5/1,2020-5/2,"PyGuiApplication.questionDialog documented, but not actually defined",https://github.com/NatronGitHub/Natron/issues/485
2020-5/2,2021-5/4,Render: RAM usage keeps increasing until using all system RAM,https://github.com/NatronGitHub/Natron/issues/486
2020-5/5,2020-5/13,Race condition/deadlock between Natron::SplashScreen and PyModalDialog created in onProjectCreated callback,https://github.com/NatronGitHub/Natron/issues/487
2020-5/8,nan,afterNodeCreated callback called twice for Reader nodes,https://github.com/NatronGitHub/Natron/issues/488
2020-5/8,nan,onProjectCreated called twice when creating new project (beyond the initial application-load),https://github.com/NatronGitHub/Natron/issues/489
2020-5/12,2020-5/12,"""Use Host Interact"" not available in custom parameter settings dialog",https://github.com/NatronGitHub/Natron/issues/490
2020-5/14,2022-1/15,Node Graph Navigation issues,https://github.com/NatronGitHub/Natron/issues/491
2020-5/14,2020-5/14,Chroma Key Alpha issue (Linux only!),https://github.com/NatronGitHub/Natron/issues/492
2020-5/16,2020-5/26,Drag and Drop local file to FileParam field in PyModalDialog from Windows has leading slash,https://github.com/NatronGitHub/Natron/issues/493
2020-5/16,2020-5/25,"When a file is dragged into a text field in a PyModalDialog, the field visibly populates, but the param is still empty",https://github.com/NatronGitHub/Natron/issues/494
2020-5/17,2020-5/18,White outlines upon rendering anything with natron.,https://github.com/NatronGitHub/Natron/issues/495
2020-5/19,2020-5/19,Blur: derivatives should be multiplied by renderscale.,https://github.com/NatronGitHub/Natron/issues/496
2020-5/23,2020-5/24,Rotoscope PNG with Alpha Channel,https://github.com/NatronGitHub/Natron/issues/498
2020-5/26,2020-5/27,Natron Read Node,https://github.com/NatronGitHub/Natron/issues/499
2020-5/31,2020-5/31,Natron-2.3.14-Linux-x86_64bit portable crashed while creating user interface,https://github.com/NatronGitHub/Natron/issues/501
2020-6/3,nan,retime node in Dope Sheet window ï¼display BUG,https://github.com/NatronGitHub/Natron/issues/502
2020-6/6,2021-4/19,Meta-issue: 2.4.0 release blockers,https://github.com/NatronGitHub/Natron/issues/504
2020-6/8,2020-6/8,"Hello, I am having trouble locating my image files on Natron. ",https://github.com/NatronGitHub/Natron/issues/505
2020-6/8,2020-6/9,Natron does not install,https://github.com/NatronGitHub/Natron/issues/506
2020-6/8,2021-4/10,"""error: file is not open"" when writing H264 MP4 or MOV",https://github.com/NatronGitHub/Natron/issues/507
2020-6/10,2020-6/10,Can only write RGBA and RGB components images,https://github.com/NatronGitHub/Natron/issues/508
2020-6/12,2020-6/17,2.3.15 Can't read Jpeg2000 files under linux.,https://github.com/NatronGitHub/Natron/issues/509
2020-6/15,nan,Rotopaint doesn't apply stroke to pencil at the first frame it is created.,https://github.com/NatronGitHub/Natron/issues/510
2020-6/16,nan,Natron is missing in Winget repository,https://github.com/NatronGitHub/Natron/issues/511
2020-6/17,2021-3/13,RGBtoHSL doesn't work properly with pure white color,https://github.com/NatronGitHub/Natron/issues/512
2020-6/17,2020-6/17,Viewer seems to only show the right color if the output is linear,https://github.com/NatronGitHub/Natron/issues/513
2020-6/22,nan,Natron won't open on Ubuntu 20.4 with amd-pro-install drivers,https://github.com/NatronGitHub/Natron/issues/516
2020-6/26,2022-1/15,"Installed to Windows Sandbox in Windows 10 1909, first launch brings down host machine",https://github.com/NatronGitHub/Natron/issues/517
2020-6/27,2020-7/1,Natron won't start up properly,https://github.com/NatronGitHub/Natron/issues/519
2020-7/7,2020-7/7,When try to create a text node,https://github.com/NatronGitHub/Natron/issues/522
2020-7/22,2020-7/22,Feature Request for rotoscoping,https://github.com/NatronGitHub/Natron/issues/525
2020-7/23,2020-7/23,Error while creating node fr.inria.built-in.Write,https://github.com/NatronGitHub/Natron/issues/526
2020-7/24,2021-4/9,Green lines in viewer,https://github.com/NatronGitHub/Natron/issues/527
2020-7/24,2020-7/24,Natron doesn't read mp4 files.,https://github.com/NatronGitHub/Natron/issues/528
2020-7/30,2021-4/9,Only 32f processing bit depth. Memory consumtion.,https://github.com/NatronGitHub/Natron/issues/529
2020-8/2,2021-5/7,Natron 2.3.15not installing Windows 10 20.04 ,https://github.com/NatronGitHub/Natron/issues/530
2020-8/2,nan,Import SVG as roto shapes,https://github.com/NatronGitHub/Natron/issues/531
2020-8/3,2021-4/10,Failed build on FreeBSD,https://github.com/NatronGitHub/Natron/issues/532
2020-8/4,2021-3/25,Reformat node does not default to the project's root format,https://github.com/NatronGitHub/Natron/issues/533
2020-8/9,2021-1/31,"How do I fix This issue!! Whenever I try to open a file. it says "" Error while creating node ### could not find a decoder to read ### file format!!! Can someone tell how to fix it!!!",https://github.com/NatronGitHub/Natron/issues/534
2020-8/13,2021-4/9,Clicking on draw/text crashes on Linux,https://github.com/NatronGitHub/Natron/issues/535
2020-8/16,nan,Moving (drag) Curve Editor Tab causes Natron to close,https://github.com/NatronGitHub/Natron/issues/536
2020-9/12,2020-9/12,Natron write error: Unable to open file: Permission denied,https://github.com/NatronGitHub/Natron/issues/540
2020-9/17,2021-1/31,Blender INtegration,https://github.com/NatronGitHub/Natron/issues/541
2020-9/22,2021-4/9,Mocha Pro Working on ubuntu,https://github.com/NatronGitHub/Natron/issues/542
2020-9/29,2020-10/6,Natron just crashes/closes itself just after start up,https://github.com/NatronGitHub/Natron/issues/543
2020-10/5,2021-7/7,NatronRenderer -t crashes at AWS Instance without Graphics,https://github.com/NatronGitHub/Natron/issues/544
2020-10/7,nan,Shortcut - Import renders fron write node,https://github.com/NatronGitHub/Natron/issues/545
2020-10/8,2020-10/9,identical condition,https://github.com/NatronGitHub/Natron/issues/546
2020-10/8,2020-10/9,identical assignment ,https://github.com/NatronGitHub/Natron/issues/547
2020-10/8,2020-10/9,unreachable code,https://github.com/NatronGitHub/Natron/issues/548
2020-11/2,2021-4/9,Migrate away from Travis CI,https://github.com/NatronGitHub/Natron/issues/552
2020-11/27,nan,FFMpeg hardware-accelerated rendering,https://github.com/NatronGitHub/Natron/issues/553
2020-11/28,2021-7/7,A better way to compute the number of render threads?,https://github.com/NatronGitHub/Natron/issues/554
2020-11/30,nan,AVC Codec support,https://github.com/NatronGitHub/Natron/issues/555
2020-12/8,2021-4/9,TestRoll and TestSwirl from the test suite seem to hang Natron,https://github.com/NatronGitHub/Natron/issues/556
2020-12/12,nan,"Random crashes, crash reporting please",https://github.com/NatronGitHub/Natron/issues/557
2020-12/23,2020-12/23,Install issue on Manjaro 20.2 - Hangs at building shiboken,https://github.com/NatronGitHub/Natron/issues/558
2020-12/26,nan,Add a Puppet Pin like plugin to Natron,https://github.com/NatronGitHub/Natron/issues/559
2021-1/4,2022-1/12,Natron hangs on render when `Effect.setExpression` is used in Python script,https://github.com/NatronGitHub/Natron/issues/560
2021-1/30,2022-1/15,[Feature request] Reserve copies of files,https://github.com/NatronGitHub/Natron/issues/562
2021-1/30,2021-4/9,Label all issues in the repository,https://github.com/NatronGitHub/Natron/issues/563
2021-2/2,2021-2/15,Playhead doesn't snap to per-frame increments on hover,https://github.com/NatronGitHub/Natron/issues/567
2021-2/6,2021-4/4,Unable to open project with cloned group nodes (segfault),https://github.com/NatronGitHub/Natron/issues/568
2021-2/13,2021-2/13,Lin2Log: inconsistency between log2lin and lin2log,https://github.com/NatronGitHub/Natron/issues/570
2021-2/13,2021-2/13,Merge: never consider RGB as being transparent by default,https://github.com/NatronGitHub/Natron/issues/571
2021-2/16,2021-2/17,Can't write a 30 fps video. Write node makes 30000/1001 fps instead,https://github.com/NatronGitHub/Natron/issues/575
2021-2/19,2021-4/3,Windows SDK refresh?,https://github.com/NatronGitHub/Natron/issues/576
2021-2/21,2021-2/22,Viewer diagonal pixel bug at small resolutons,https://github.com/NatronGitHub/Natron/issues/577
2021-2/23,2021-2/25,Natron reader node can't read Cyrillic relative path to a file.,https://github.com/NatronGitHub/Natron/issues/578
2021-2/25,2021-3/25,Cloned nodes causes Natron to crash,https://github.com/NatronGitHub/Natron/issues/579
2021-2/28,2021-3/14,Copied node is removed from node graph on next project load with error dialog,https://github.com/NatronGitHub/Natron/issues/580
2021-3/2,2021-3/6,Corner Blur Viewer Rendering Error,https://github.com/NatronGitHub/Natron/issues/581
2021-3/5,2021-3/21,Writers: wrong gamma interpretation on 8-bit image formats,https://github.com/NatronGitHub/Natron/issues/582
2021-3/10,2021-3/10,"WriteOIIO: do not add ""Color."" to the channel names of the color plane",https://github.com/NatronGitHub/Natron/issues/583
2021-3/10,2021-3/10,"how to fix ""no plugin capable of encoding  mp4 was found"" in windows 7",https://github.com/NatronGitHub/Natron/issues/584
2021-3/13,2021-3/25,Card3D node linking problem,https://github.com/NatronGitHub/Natron/issues/585
2021-3/14,2021-3/23,Python keywords should not be accepted as a script name for node parameters,https://github.com/NatronGitHub/Natron/issues/586
2021-3/26,2021-3/27,Tab close buttons missing in Natron Beta 2.3.16v3,https://github.com/NatronGitHub/Natron/issues/590
2021-4/1,2021-4/2,Play forward button doesn't work,https://github.com/NatronGitHub/Natron/issues/595
2021-4/4,2021-4/9,[Feature Request] Control interpolation between RotoPaint KeyFrames,https://github.com/NatronGitHub/Natron/issues/597
2021-4/9,nan,Migrate CI builds from Travis CI to GitHub Actions,https://github.com/NatronGitHub/Natron/issues/601
2021-4/9,nan,"Broken image formats: PCX,PSB images are not read properly",https://github.com/NatronGitHub/Natron/issues/602
2021-4/14,2021-4/14,Render GIFs end up with yellow edges,https://github.com/NatronGitHub/Natron/issues/604
2021-4/15,2021-6/18,How to debug if OFX plugins are not loading?,https://github.com/NatronGitHub/Natron/issues/605
2021-4/20,2021-5/3,Node graph slow in macOS Big Sur,https://github.com/NatronGitHub/Natron/issues/606
2021-4/21,2023-4/11,Apple Silicon/M1 Support,https://github.com/NatronGitHub/Natron/issues/607
2021-4/21,2021-4/21,Natron failed to build due to Cairo issue,https://github.com/NatronGitHub/Natron/issues/608
2021-4/23,2021-4/23,Issue with project format/range/fps on Linux,https://github.com/NatronGitHub/Natron/issues/609
2021-4/26,2021-5/6,Hue vs Hue impossible in HueCorrect,https://github.com/NatronGitHub/Natron/issues/610
2021-5/1,2021-5/3,Alpha CheckerBoard Offset issue (Big Sur),https://github.com/NatronGitHub/Natron/issues/614
2021-5/5,2021-6/4,HueKeyer - Need Mask Input,https://github.com/NatronGitHub/Natron/issues/619
2021-5/5,2021-5/5,Natron 2.4 crash on adding Text node,https://github.com/NatronGitHub/Natron/issues/620
2021-5/6,2021-5/6,Help with a pull request,https://github.com/NatronGitHub/Natron/issues/621
2021-5/16,2022-1/15,Natron stops rendering file with unidentified crash error.,https://github.com/NatronGitHub/Natron/issues/622
2021-5/17,nan,AdjustROD node crashes Natron ,https://github.com/NatronGitHub/Natron/issues/623
2021-5/21,nan,Backdrop size and text breaks calculation unreliable,https://github.com/NatronGitHub/Natron/issues/626
2021-5/21,2021-6/4,Clones poorly located upon creation,https://github.com/NatronGitHub/Natron/issues/627
2021-5/29,nan,"Rotopaint clone tool `sourceTypeChoice` option performs the same action when set to both ""background"" and ""foreground""",https://github.com/NatronGitHub/Natron/issues/629
2021-6/1,2021-6/3,"""Reset to default"" on any parameter cannot be undone (was: Transform reset deletes all keys)",https://github.com/NatronGitHub/Natron/issues/630
2021-6/1,2021-6/12,Hard link more than Float1D breaks the link,https://github.com/NatronGitHub/Natron/issues/631
2021-6/4,2021-6/4,flatpak version crashes when opening psd,https://github.com/NatronGitHub/Natron/issues/632
2021-6/8,nan,Not finishing execution on PowerShell,https://github.com/NatronGitHub/Natron/issues/633
2021-6/11,2021-6/11,First Float2D param partly hidden since Natron 2.4,https://github.com/NatronGitHub/Natron/issues/636
2021-6/11,2022-1/13,"Missing ""2"" box for Float2D and integer 2D",https://github.com/NatronGitHub/Natron/issues/637
2021-6/11,2021-6/12,Transform point can detatch from the motion path,https://github.com/NatronGitHub/Natron/issues/638
2021-6/12,2022-1/14,Special characters ,https://github.com/NatronGitHub/Natron/issues/639
2021-6/15,2022-1/13,Rotopaint automatically switches viewer inputs when painting,https://github.com/NatronGitHub/Natron/issues/641
2021-6/26,2022-1/13,Natron command line rendering issue,https://github.com/NatronGitHub/Natron/issues/644
2021-7/3,2021-7/5,Mask merge operation does not default to A=0,https://github.com/NatronGitHub/Natron/issues/647
2021-7/4,2022-1/12,Power Management Support,https://github.com/NatronGitHub/Natron/issues/648
2021-7/6,nan,command line rendering memory issue,https://github.com/NatronGitHub/Natron/issues/649
2021-7/10,nan,Roto shapes complete instantly after the final point is connected instead of on mouse release,https://github.com/NatronGitHub/Natron/issues/653
2021-7/11,2021-7/11,Natron not responding???,https://github.com/NatronGitHub/Natron/issues/654
2021-7/11,nan,Natron not responding??? (more detailed),https://github.com/NatronGitHub/Natron/issues/655
2021-7/11,2021-7/20,"The ""Import curve form ASCII file"" function does not work for me.",https://github.com/NatronGitHub/Natron/issues/656
2021-7/25,2022-1/13,(Bug): Red roto-shape outline has a gap between the last and first point,https://github.com/NatronGitHub/Natron/issues/659
2021-8/13,2021-9/29,Natron crashes when opening a certain file,https://github.com/NatronGitHub/Natron/issues/660
2021-8/24,2021-8/28,(Feature): Apple CPU M1 and Natron,https://github.com/NatronGitHub/Natron/issues/661
2021-9/5,2021-9/24,(Feature): <Set default Project Frame Range>,https://github.com/NatronGitHub/Natron/issues/662
2021-9/6,2021-9/7,Write mode Show only compatible codec following container,https://github.com/NatronGitHub/Natron/issues/663
2021-9/8,nan,Renaming a node often fails,https://github.com/NatronGitHub/Natron/issues/664
2021-9/16,2021-9/16,(Bug): Natron and Mocha Pro 2022 plugin,https://github.com/NatronGitHub/Natron/issues/665
2021-9/16,2021-9/23,"(Bug): Write Node with ""override"" enabled only modifies existing files",https://github.com/NatronGitHub/Natron/issues/666
2021-9/18,nan,FreeBSD support,https://github.com/NatronGitHub/Natron/issues/668
2021-9/30,2021-9/30,Glow node changed behavior in 2.4.1 because of #647,https://github.com/NatronGitHub/Natron/issues/671
2021-10/1,nan,OpenMP plugins crash on macOS: downgrade libopenmp to 11.x,https://github.com/NatronGitHub/Natron/issues/672
2021-10/1,2021-10/2,BayMax regression,https://github.com/NatronGitHub/Natron/issues/673
2021-10/6,2022-1/15,Suggestion for lightweight roto ,https://github.com/NatronGitHub/Natron/issues/676
2021-10/7,2021-10/11,"(Bug): Changes in Project Settings do not prompt ""Save Project"" on Exit or Reload",https://github.com/NatronGitHub/Natron/issues/677
2021-10/12,2021-11/2,Switch to Python 3.9,https://github.com/NatronGitHub/Natron/issues/680
2021-10/12,nan,Update/Change Windows SDK,https://github.com/NatronGitHub/Natron/issues/681
2021-10/18,nan,Bug: Natron doesn't start on WSL2/Win10 with VcXsrv,https://github.com/NatronGitHub/Natron/issues/682
2021-10/19,2021-10/26,Release Natron 2.4.1,https://github.com/NatronGitHub/Natron/issues/683
2021-10/20,nan,(Feature): Natron to automatically open NTP files,https://github.com/NatronGitHub/Natron/issues/684
2021-10/22,2021-10/24,Linux builds don't support libraw (OIIO compiled w/o libraw support),https://github.com/NatronGitHub/Natron/issues/685
2021-10/27,2022-1/18,Color Selector: support color palette/history,https://github.com/NatronGitHub/Natron/issues/688
2021-10/27,2022-1/23,RB-2.5: upgrade OIIO to 2.3.x,https://github.com/NatronGitHub/Natron/issues/689
2021-11/2,2022-1/8,Crash: reverse play then forward play without hitting stop,https://github.com/NatronGitHub/Natron/issues/690
2021-11/2,2022-1/13,Option to display outer frame of viewer without the object crosshairs,https://github.com/NatronGitHub/Natron/issues/691
2021-11/2,2021-11/2,Send mail or execute shell command when Write node fails,https://github.com/NatronGitHub/Natron/issues/692
2021-11/2,nan,"Video reader/writer should not expand ""#"" in the filename",https://github.com/NatronGitHub/Natron/issues/693
2021-11/2,nan,Check that Afanasy Natron plugins still work with Natron 2.5,https://github.com/NatronGitHub/Natron/issues/694
2021-11/2,2021-11/6,Check that Natron community plugins still work with Natron 2.5,https://github.com/NatronGitHub/Natron/issues/695
2021-11/2,2021-11/3,Natron 2.5 doesn't set python sys.prefix and sys.exec_prefix,https://github.com/NatronGitHub/Natron/issues/696
2021-11/6,2022-11/30, Check that natron-python-scripting scripts still work with Natron 2.5,https://github.com/NatronGitHub/Natron/issues/701
2021-11/6,2022-1/13,(Feature): Preference setting to disable pop-up help boxes,https://github.com/NatronGitHub/Natron/issues/702
2021-11/8,2021-11/13,"(Bug): Crash on mouse move after open. ""pointer being freed was not allocated"" . Late 2021 M1 Max macbook pro",https://github.com/NatronGitHub/Natron/issues/705
2021-11/9,2021-11/10,OCIOLookTransform gives incorrect output when GPU acceleration is enabled,https://github.com/NatronGitHub/Natron/issues/706
2021-11/24,2021-11/26,"Preview isn't rendered after changing value in Properties bin, etc.",https://github.com/NatronGitHub/Natron/issues/708
2021-11/26,2022-1/9,Bug template doesn't work on github,https://github.com/NatronGitHub/Natron/issues/709
2021-11/26,2021-12/6,Can't enable Preview for a node from Python,https://github.com/NatronGitHub/Natron/issues/710
2021-11/27,2021-11/27,Viewer overlay actions are executed in the wrong order,https://github.com/NatronGitHub/Natron/issues/711
2021-11/29,nan,(Bug): Natron crashes on macOS Monterey with Qt4,https://github.com/NatronGitHub/Natron/issues/712
2021-12/4,2021-12/17,"EXR Reader Bug: With file colourspace != outputcolourspace, all layers are set to the output (color) layer",https://github.com/NatronGitHub/Natron/issues/714
2021-12/22,2022-1/8,Natron 2.4.2 Crashes on boot (dup of #712),https://github.com/NatronGitHub/Natron/issues/731
2021-12/23,2021-12/24,"After deleting a node, cannot create node with same name",https://github.com/NatronGitHub/Natron/issues/732
2021-12/29,2022-1/8,RotoPaint and TrackerNode: fix onOverlayPenMotion return value when only hover state changed,https://github.com/NatronGitHub/Natron/issues/735
2021-12/30,2022-1/8,Crash during launch (Version 2.4.1 running under Rosetta 2 emulation on Apple Silicon) dup of #712,https://github.com/NatronGitHub/Natron/issues/737
2022-1/3,nan,Saving a small Natron project takes for more than 10 seconds,https://github.com/NatronGitHub/Natron/issues/738
2022-1/8,nan,Natron 2.6 (Qt5) binary distrib for Linux,https://github.com/NatronGitHub/Natron/issues/741
2022-1/8,nan,Natron 2.6 (Qt5) binary distrib for macOS,https://github.com/NatronGitHub/Natron/issues/742
2022-1/8,nan,Natron 2.6 (Qt5) binary distrib for Windows,https://github.com/NatronGitHub/Natron/issues/743
2022-1/8,nan,Only display the overlays for nodes that are in the viewer render path and have their properties panel maximized.,https://github.com/NatronGitHub/Natron/issues/744
2022-1/9,nan,Viewer does not respond except when zooming in or out and moves with the mouse without clicking anything.,https://github.com/NatronGitHub/Natron/issues/747
2022-1/11,2022-1/12,Issue templates are now missing,https://github.com/NatronGitHub/Natron/issues/749
2022-1/12,2022-1/13,(Feature): Deprecate Python 2.7 in Natron,https://github.com/NatronGitHub/Natron/issues/751
2022-1/13,2022-2/18,(Release): Natron 2.4.3 - any blockers?,https://github.com/NatronGitHub/Natron/issues/752
2022-1/19,2022-1/20,Natron 2.4.3 blocker: error when loading node ending with _1,https://github.com/NatronGitHub/Natron/issues/755
2022-1/21,2022-1/21,Natron 2.4.3 blocker: ReadSVG from Natron 2.4.2 macOS fails (2.4.1 works),https://github.com/NatronGitHub/Natron/issues/756
2022-1/23,nan,Setup Contributors License Agreement or Project Contributors Agreement,https://github.com/NatronGitHub/Natron/issues/757
2022-1/25,2022-1/26,(Typo): spelling errors found,https://github.com/NatronGitHub/Natron/issues/759
2022-1/27,2022-1/29,(Bug): PyPlug overlay/interact missing in 2.4.3,https://github.com/NatronGitHub/Natron/issues/762
2022-1/29,2022-1/29,(Bug): cannot translate roto shapes (x coord is reset),https://github.com/NatronGitHub/Natron/issues/763
2022-2/12,nan,(Feature): Application Theming,https://github.com/NatronGitHub/Natron/issues/767
2022-2/15,2022-2/16,(Bug): Issue with roto masking,https://github.com/NatronGitHub/Natron/issues/768
2022-2/16,nan,(Feature): outputFormat Width & Height must be made available as parameters,https://github.com/NatronGitHub/Natron/issues/769
2022-2/16,nan,(Bug): Small toolbar icons on HiDPI displays (Linux),https://github.com/NatronGitHub/Natron/issues/770
2022-2/17,2022-2/18,(Request): Natron and ffmpeg5,https://github.com/NatronGitHub/Natron/issues/771
2022-2/18,2022-2/18,(Bug): Natron Linux builds use obsolete libcrypt,https://github.com/NatronGitHub/Natron/issues/772
2022-3/4,2022-3/4,Cannot render prores 4444 xq,https://github.com/NatronGitHub/Natron/issues/773
2022-3/17,2022-3/17,(Feature): Natron read node frame rate default,https://github.com/NatronGitHub/Natron/issues/775
2022-3/17,2022-3/18,(Bug): ,https://github.com/NatronGitHub/Natron/issues/776
2022-3/19,nan,(Bug):  Python can't test oneNode == another node,https://github.com/NatronGitHub/Natron/issues/777
2022-4/3,2022-4/3,My timeline looks goofy in Linux Mint,https://github.com/NatronGitHub/Natron/issues/778
2022-4/5,2022-6/28,(Bug): check why OpenGL rendering is disabled in NatronRenderer,https://github.com/NatronGitHub/Natron/issues/779
2022-4/9,nan,(Feature): Set Curving of Node Connectors,https://github.com/NatronGitHub/Natron/issues/780
2022-4/12,2022-4/12,(Feature): Chromatic Aberration Node,https://github.com/NatronGitHub/Natron/issues/781
2022-4/16,2022-4/16,Garbled words appear in the setup,https://github.com/NatronGitHub/Natron/issues/782
2022-4/20,nan,(Feature): Shortcut Tooltip,https://github.com/NatronGitHub/Natron/issues/783
2022-4/29,nan,"(Feature): Add an option called ""Replace With""",https://github.com/NatronGitHub/Natron/issues/784
2022-5/1,2022-5/1,(Bug): I am completely unable to save a project,https://github.com/NatronGitHub/Natron/issues/785
2022-5/3,nan,(Bug): Render Output Looks Low Quality,https://github.com/NatronGitHub/Natron/issues/786
2022-5/10,2022-6/13,How Can I convert nk(nuke) file to npt,https://github.com/NatronGitHub/Natron/issues/788
2022-5/12,nan,Question. Can we have a talk about integration with Kdenlive?,https://github.com/NatronGitHub/Natron/issues/789
2022-5/16,2022-5/16,strcpy error in PythonUtils.cpp,https://github.com/NatronGitHub/Natron/issues/790
2022-5/17,2022-5/19,(Feature): Vectorscope view mode ,https://github.com/NatronGitHub/Natron/issues/793
2022-5/31,nan,(Bug): Natron stuck in memory when closing with a project open (unique to me?),https://github.com/NatronGitHub/Natron/issues/795
2022-5/31,nan,(Feature): Better visual indication for disabled nodes,https://github.com/NatronGitHub/Natron/issues/796
2022-6/2,2022-6/2,(Bug): errors with ffmpeg5,https://github.com/NatronGitHub/Natron/issues/797
2022-6/2,nan,(Feature): UI/UX + icons overhaul (+ discussion),https://github.com/NatronGitHub/Natron/issues/798
2022-6/10,2022-7/13,Defined functions in KnobImpl.h cause errors,https://github.com/NatronGitHub/Natron/issues/804
2022-6/11,2022-6/11,(Bug): Changing SeNoise node parameter `Y Rotate` has no visible effect on generated noise,https://github.com/NatronGitHub/Natron/issues/805
2022-6/11,2022-6/11,fatal error: 'tinydir/tinydir.h' file not found,https://github.com/NatronGitHub/Natron/issues/806
2022-6/11,nan,error: undefined symbol: google::kLogSiteUninitialized,https://github.com/NatronGitHub/Natron/issues/807
2022-6/12,2022-6/12,Doesn't start ,https://github.com/NatronGitHub/Natron/issues/808
2022-6/20,nan,(Bug): Viewer/Merge out of bounds issue during playback,https://github.com/NatronGitHub/Natron/issues/811
2022-6/24,2022-6/28,Custom BG colour is not preserved when copying a node or a group,https://github.com/NatronGitHub/Natron/issues/813
2022-6/25,nan,(Bug): Application freeze when copying a node with enabled postage stamp,https://github.com/NatronGitHub/Natron/issues/814
2022-6/25,nan,(Bug): Stray Write nodes are executed without an explicit request,https://github.com/NatronGitHub/Natron/issues/815
2022-6/26,nan,(Bug): Sorting does not work in the file dialogue,https://github.com/NatronGitHub/Natron/issues/816
2022-6/26,nan,(Bug): Renders are silently failing,https://github.com/NatronGitHub/Natron/issues/817
2022-6/26,nan,(Feature): Make `B` input the default one for Shuffle node,https://github.com/NatronGitHub/Natron/issues/818
2022-6/26,nan,(Bug): Pasting node does not insert it in the tree,https://github.com/NatronGitHub/Natron/issues/819
2022-7/5,2022-7/20,(Bug): Write node will not render video with FPS value above 100,https://github.com/NatronGitHub/Natron/issues/822
2022-7/16,2022-7/18,What is the right version for boost?,https://github.com/NatronGitHub/Natron/issues/824
2022-7/17,nan,(Bug): Natron fails to save the project,https://github.com/NatronGitHub/Natron/issues/825
2022-7/20,nan,(Feature): No option available to embed timecode in mov metadata,https://github.com/NatronGitHub/Natron/issues/826
2022-7/20,nan,Natron 2.6 w/ Qt 5 support (track progress),https://github.com/NatronGitHub/Natron/issues/827
2022-7/20,2023-1/27,Natron 2.5 release w/ Python 3 (track progress),https://github.com/NatronGitHub/Natron/issues/828
2022-7/29,nan,Does namespace missedï¼,https://github.com/NatronGitHub/Natron/issues/832
2022-7/31,nan,"(Bug): Roto sticky box transform, can't disable it and it makes hard to move aligned points",https://github.com/NatronGitHub/Natron/issues/833
2022-8/29,2022-8/29,ubuntu 18.04  compile SeExpr v2.11  ,https://github.com/NatronGitHub/Natron/issues/835
2022-9/14,2022-10/14,(Feature): Command Palette,https://github.com/NatronGitHub/Natron/issues/836
2022-10/14,2022-10/14,(Feature): Calculation in Input Fields,https://github.com/NatronGitHub/Natron/issues/837
2022-10/16,nan,(Bug): Undo unplugs the wrong connection to the same node,https://github.com/NatronGitHub/Natron/issues/838
2022-10/16,nan,(Bug): Undo doesn't work when controlling Transform via the screen controls/gizmo,https://github.com/NatronGitHub/Natron/issues/839
2022-10/31,nan,(User confusing): OCIO configuration gui,https://github.com/NatronGitHub/Natron/issues/841
2022-11/10,2022-11/10,(Feature): When wed have python3 in natron,https://github.com/NatronGitHub/Natron/issues/842
2022-11/11,2022-11/11,(Bug): Documentation is shit. ,https://github.com/NatronGitHub/Natron/issues/843
2022-11/12,nan,Natron Crashes on Startup,https://github.com/NatronGitHub/Natron/issues/845
2022-11/12,2023-4/22,(Bug): Qt5: Knob background color doesn't change color when setting keyframe or expression,https://github.com/NatronGitHub/Natron/issues/846
2022-11/28,nan,"(Bug): Natron Doesn't read EXR file and show ""0x0"" on the viewport",https://github.com/NatronGitHub/Natron/issues/848
2022-11/28,nan,(Bug): Gmic Brushify throws error,https://github.com/NatronGitHub/Natron/issues/849
2022-11/29,nan,Incorrect operation of RotoPaint CloneTool mode(Bug): ,https://github.com/NatronGitHub/Natron/issues/850
2022-12/8,nan,(Feature): basic framework for node based editor,https://github.com/NatronGitHub/Natron/issues/851
2022-12/10,nan,"Windows 11, Natron won't launch.",https://github.com/NatronGitHub/Natron/issues/852
2022-12/16,2023-5/7,app wont install from flatpak linux,https://github.com/NatronGitHub/Natron/issues/853
2022-12/23,nan,Natron 2.5 Qt.Alignment Flags Unrecognized (As Int),https://github.com/NatronGitHub/Natron/issues/854
2023-1/1,nan,(Bug): Natron crashes when attempting to render a project,https://github.com/NatronGitHub/Natron/issues/855
2023-1/3,nan,Natron GMIC Stylize node - not working,https://github.com/NatronGitHub/Natron/issues/856
2023-1/18,2023-1/19,(Bug):  Natron crashes on open,https://github.com/NatronGitHub/Natron/issues/859
2023-1/26,2023-4/8,(Bug): Natron 2.4.4/2.5.0 binary segfault macOS,https://github.com/NatronGitHub/Natron/issues/860
2023-1/26,2023-4/14,(Bug): Transform interact scale,https://github.com/NatronGitHub/Natron/issues/861
2023-1/27,nan,(Bug): Natron render random crashes on farm reading tiff images,https://github.com/NatronGitHub/Natron/issues/862
2023-1/29,2023-3/13,(Bug): Natron Crashes on Startup,https://github.com/NatronGitHub/Natron/issues/863
2023-1/31,nan,(Bug): Natron command line tries to render zero frame only,https://github.com/NatronGitHub/Natron/issues/864
2023-3/30,nan,(Feature): Correct OCIO and ACES setup,https://github.com/NatronGitHub/Natron/issues/868
2023-4/4,nan,(Feature):  [Windows] Upgrade to OpenEXR 3.1,https://github.com/NatronGitHub/Natron/issues/870
2023-4/23,nan,(Bug): MacOS Crash on zoom in/out viewer (Project file attached),https://github.com/NatronGitHub/Natron/issues/874
2023-4/26,2023-5/7,(Bug): ,https://github.com/NatronGitHub/Natron/issues/876
2023-5/28,nan,(Bug): Natron-2.5.0-macOS12-x86_64.dmgâ cannot be opened because it is from an unidentified developer.,https://github.com/NatronGitHub/Natron/issues/888
